م,title,category,city,address,phone,offers,contact_person,contact_person_phone,notes
1,مستشفيات اندلسية,مستشفى,المعادى , 4ج/6 تقسيم  اللاسلكى - المعادى الجديدة,16781,خصم 25 % على الكشف - 20 % على الداخلى والعمليات ,"مى
مارينا","010 60760290
012 80856698",
2,مستشفى الشبراويشي,مستشفى,الدقى,ميدان فيـــنى,37606444,خصم 20% على الكشف - 10% على العمليات والرعاية  والداخلى,نانسي,010 22053377,
3,مستشفى بدران ,مستشفى,الدقى,3ش الاحرار,19986,خصم 30% على الكشف - 20% على الداخلى والعمليات,حسين,010 95699919,
4,مستشفى جراند,مستشفى,مصر الجديدة,177ش العروبة امام بوابة الكلية الحربية,012 11118702,خصم 50 % على الكشف - 30% على الخدمات,كريم خطاب,0111 0008535,
5,مستشفى فلسطين,مستشفى,مصر الجديدة,64ش الثورة ارض الجولف,22909007,خصم 25% على الخارجى - 20 % على الداخلى,احمد فوزى,010 06154672,
6,مستشفى الخلفاء الراشدين,مستشفى,مصر الجديدة,1ش السباق من ش الحجاز ,26366340,خصم 15%,سيد,0111 4017888,
7,مستشفى المستقبل التخصصي,مستشفى,مصر الجديدة,67ش نخلة المطيعى - ميدان تريومف,011 51001177,خصم 30% على الكشف 20% على الفحوصات 15 % على العمليات,زينب,012 27360203,
8,مستشفى الميريلاند,مستشفى,مصر الجديدة,91ش جسر السويس - اشارة روكسي,22579226,خصم 20% على الكشف - 10% على العمليات والرعاية  والداخلى,معتز,0100 5666698,
9,مستشفى غار حراء,مستشفى,مصر الجديدة,28أ ش الحجاز ميدان المحكمة,011 04792411,خصم 50 % على الكشف - 15 % على العمليات - 10% على الرعاية ,احمد راغب,010 11112229,
10,مستشفى روكسي التخصصي,مستشفى,مصر الجديدة,25ش الخليفة المأمون - روكسي,010 20880066,كشف طوارىء واخصائي 180ج - استشارى 250ج - خصم 10% على الخارجى - 5% على العمليات والرعاية ,فاطمة ,011 28310236,
11,مستشفى البدر التخصصى,مستشفى,مصر الجديدة,37ش مراد بك - صلاح الدين,010 99496777,خصم 50% على الكشف - 20% على الخارجى  10% على العمليات والرعاية  ,د حازم حمدى,010 99496777,
12,مستشفى الثورة,مستشفى,مصر الجديدة,11ش الثورة - الكوربة ,012 11240006,خصم 25 % على الكشف والاحراءات,فاتن,011 44866962,
13,مستشفى النخبة الدولى,مستشفى,مدينة نصر,35ش عبد الرازق النهورى - مكرم عبيد,012 23566000,خصم 25 % على الكشف - 15% على الداخلى والعمليات,محمود الصغير,010 95775804,
14,مستشفى كيور,مستشفى,مدينة نصر,25ش حمودة محمود امام انبى للبترول,010 27027070,خصم 35% على الكشف - خدمات الخارجى 25% - الداخلى 20%,ريهام شعبان,011 40828808,
15,مستشفى السلام التخصصي,مستشفى,الزيتون,141ش طومان باى ,012 88601440,خصم 35% على الكشف - 10% على الداخلى والعمليات,محمد حجازى,0100 8180090,
16,مستشفى المعلمين التخصصي,مستشفى,حلمية الزيتون,6ش البشرى حلمية الزيتون,0100 1301506,خصم 40% على الكشف - 20% على العمليات والرعاية  والداخلى,د السيد العباسي,012 28531212,
17,مستشفى زمزم التخصصي,مستشفى,حلمية الزيتون,8ش سكر من ش عين شمس خلف عمر افندى,0100 9632760,خصم 50% على الكشف - 20% على العمليات والرعاية  والداخلى,د محمد اسماعيل,010 15961150,
18,مستشفى المحبة القبطية,مستشفى,شبرا  ,9ش جزيرة بدران ,25769269,خصم 20% على الكشف - 10% على الداخلى والعمليات ,101010,101010,
19,المركز الدولى الطبى,مستشفى,شبرا  ,26ميدان احمد حلمى,01000 838181,خصم 50 % على الكشف - خصم 15 % على الفحوصات والعمليات,اميرة,011 00605031,
20,مستشفى السابل,مستشفى,القبة,13ش حفى ناصف من مصر والسودان,012 22463728,خصم 25 % على الخارجى والداخلى,مارى,012 83924424,
21,مستشفى الفؤاد,مستشفى,القبة,ش مصر والسودان خلف مسجد كشك,012 80033300,خصم 30% على الكشف - 15% على الداخلى والعمليات ,فاطمة ,0100 9641710,
22,مستشفى شرف,مستشفى,العاشر من رمضان,المجاورة العاشرة ارض المستشفيات ,012 88840800,خصم 30% على الكشف - 15% على الداخلى والعمليات ,فاطمة ,0100 9641710,
23,الفؤاد لجراحة العظام,مستشفى,العاشر من رمضان,مجاورة 12 بجوار الصفا مول,012 88810800,خصم 30% على الكشف - 15% على الداخلى والعمليات ,فاطمة ,0100 9641710,
24,مركز اليسر,مستشفى,العاشر من رمضان,مجاورة 43 بجوار المسجد,012 80055554,خصم 30% على الكشف - 15% على الداخلى والعمليات ,فاطمة ,0100 9641710,
25,مستشفى الزهراء التخصصى,مستشفى,اسيوط,ش الجلاء منطقة فريال,010 25610585,خصم 50% على الكشف - 10% على العمليات - 25% على الاشعة والتحاليل,اشرف,0100 5663399,
26,مستشفى القدس,مستشفى,اسيوط,1ميدا جامعة الازهر نهاية كوبرى فيصل,010 00363009,خصم 30% على الكشف - 15% على الداخلى والعمليات ,احمد,010 50908974,
27,مستشفى جنات,مستشفى,سوهاج,100تقســـيم الشروق,010 32222158,خصم 30% على الكشف - 30% على الداخلى والعمليات ,المدير,011 00325231,
28,مستشفى قصر الشفا,مستشفى,الدخيلة,العجمى - الدخيلة بجوار الكنيسة الحمراء,15772,خصم 10 %,تغريد,012 77703661,
29,مستشفى الصفوة الملكى,مستشفى,الاسكندرية,ميامى - 16 ش محمد انور السادات,011 44449443,خصم 30 % على الكشف - 15 % على باقى الخدمات,هشام,012 10601184,
30,مستشفى زهور الطب,مستشفى,الجيزة,1ش نظير شرف - نزلة الكنيسة - العمرانية,0100 6292295,خصم 50% على الكشف - 30% على العمليات,حسن خطاب,010 06292295,
31,مستشفى الزهراء بالعياط,مستشفى,العياط,ش الجيش ,0100 6292295,خصم 50% على الكشف - 30% على العمليات,حسن خطاب,010 06292295,
32,فيتال كير,عيادات تخصصية,مصر الجديدة,12ش بطرس غالى - روكسي,012 72222090,خصم 50 % على الكشف - 30 % على الخدمات,محمود درويش,012 00068229,
33,عيادات يشفين,عيادات تخصصية,مصر الجديدة,ش الخليفة المامون بجوار المركز التخصصي للعيون,,خصم 50 % على الكشف ,د محمد جمال,0100 9981116,
34,H M C ,عيادات تخصصية,التجمع الخامس,مول اوزون الطبى ,0100 15601963,خصم 50 % على الكشف - 30 % على الخدمات,محمود درويش,012 00068229,
35,توب كير,عيادات تخصصية,الدقى,12ش مصدق,16465,خصم 50 % على الكشف - 20% على الاجراءات,هانى,0111 9135000,
36,عيادات نايل هيلث,عيادات تخصصية,الاسماعيلية,17ش التحرير ,010 03625220,كشف 150 ج - خصم 25 % على كافة الاجراءات,د بلال,010 03625220,
37,عيادات طيبة + رعاية منزلية,عيادات تخصصية,جسر السويس,432ش الصفا والمروة - جمال عبد الناصر,011 29888224,خصم 35% على الكشف و الزيارات المنزلية,طارق,011 29888224,
38,مركز الاهرام الطبى الدولى ,مركز طبى ,مدينة نصر ,5طريق النصر بجوار طيبة مول,012 05385817,خصم 50 % على الكشف - 40% تحاليل 20%-25% خدمات 10% - 15% اسنان,هند,010 62003699,
39,مراكز كـاى مـبد,عيادات,مصر الجديدة,4ش اللوكاندة من ش الاهرام روكسي,012 83472222,كشف 300 ج - خصم 30% على الخدمات والعمليات والمناظير,محمود مجدى,010 64926326,
40,مراكز كـاى مـبد,عيادات,عمارات العبور,16أ عارات العبور صلاح سالم,012 83472222,كشف 300 ج - خصم 30% على الخدمات والعمليات والمناظير,محمود مجدى,010 64926326,
41,مراكز كـاى مـبد,عيادات,التجمع الخامس,مول HCC  عيادة 323,012 83472222,كشف 300 ج - خصم 30% على الخدمات والعمليات والمناظير,محمود مجدى,010 64926326,
42,مراكز كـاى مـبد,مركز طبى,الهرم ,2ش المجزر الالى مع المريوطية,012 83472222,كشف 300 ج - خصم 30% على الخدمات والعمليات والمناظير,محمود مجدى,010 64926326,
43,مراكز كـاى مـبد,مركز طبى,شرم الشيخ,مول C3 خليج نعمة جنينة سيتى,012 83472222,كشف 300 ج - خصم 30% على الخدمات والعمليات والمناظير,محمود مجدى,010 64926326,
44,مراكز كـاى مـبد,مركز طبى,البحر الاحمر,الغردقة - الدهار  ش النصر بجوار مكتب البريد الرئيسى,012 83472222,كشف 300 ج - خصم 30% على الخدمات والعمليات والمناظير,محمود مجدى,010 64926326,
45,عيادات حسام منصور,عيادات تخصصية,مصر الجديدة,38ش الاهرام روكسي,012 03210060,خصم 20%,نهى,010 69934401,
46,عيادات حسام منصور,عيادات تخصصية,مدينة نصر ,اخر ش عباس العقاد ميدان انبى,012 05077255,خصم 20%,نهى,010 69934401,
47,عيادات حسام منصور,عيادات تخصصية,المعادى,ش 7 ميدان محطة المترو,012 05077266,خصم 20%,نهى,010 69934401,
48,عيادات حسام منصور,عيادات تخصصية,حلوان,ميدان المحطة,012 05077244,خصم 20%,نهى,010 69934401,
49,عيادات حسام منصور,عيادات تخصصية,حلوان,عمارة الصيفى الدور الثانى - ميدان المحطة,012 05077233,خصم 20%,نهى,010 69934401,
50,عيادات حسام منصور,عيادات تخصصية,المنيب,4ش احمد الزمر ميدان محطة المنيب ,012 85095550,خصم 20%,نهى,010 69934401,
51,عيادات حسام منصور,عيادات تخصصية,عزبة النخل,امام محطة المترو,012 03210010,خصم 20%,نهى,010 69934401,
52,مستشفيات جنة,حقن مجهرى,مصر الجديدة,12ش بطرس غالى,02 24533893,خصم 50% على الكشف - 5% على العمليات والفحوصات,ا . حسام,0100 1562037,
53,مستشفيات جنة,حقن مجهرى,المهندسين,51ش شهاب ,011 17775082,خصم 50% على الكشف - 5% على العمليات والفحوصات,ا . حسام,0100 1562037,
54,مستشفيات جنة,حقن مجهرى,شبرا  ,14ش معمل الالبان - الخلفاوى,010 14999950,خصم 50% على الكشف - 5% على العمليات والفحوصات,ا . حسام,0100 1562037,
55,مستشفيات جنة,حقن مجهرى,الهرم,372ش الهرم امام رادوبيس,012 12127083,خصم 50% على الكشف - 5% على العمليات والفحوصات,ا . حسام,0100 1562037,
56,مستشفيات جنة,حقن مجهرى,اكتوبر,ميدان الحصرى - مجمع بريما فستا ,012 12727170,خصم 50% على الكشف - 5% على العمليات والفحوصات,ا . حسام,0100 1562037,
57,د موريس فكرى,تجميل,مصر الجديدة,126ش النزهة - ميدان تريومف,011 00818181,خصم 50% على الكشف - 25% على العمليات والاجراءات,د موريس,011 25666629,
58,د موريس فكرى,تجميل,المهندسين,21ش البطل احمد عبد العزيز ,012 288837037,خصم 50% على الكشف - 25% على العمليات والاجراءات,د موريس,011 25666629,
59,د موريس فكرى,تجميل,التجمع الخامس,مولCMC عيادة 331 التسعين الشمالى خلف المستشفى الجوى,0100 1195432,خصم 50% على الكشف - 25% على العمليات والاجراءات,د موريس,011 25666629,
60,تارجت - أ . د  شريف حسنين,علاج اورام,مصر الجديدة,1أش السباق - من جسر السويس - التجنيد ,011 04810523,خصم 50% على الكشف - 25% على جلسات الكيماوى ,د شريف,0100 1924613,
61,يوروكير - د ناير رفقى,تفتيت حصوات,مصر الجديدة,4ش الميرغنى - روكسي,0111 6333650,خصم 40 % على الكشف - خصم 20 % على تفتيت الحصوات,د ناير رفقى,0100 1232330,كل يوم من8 الى 10 مساءا عدا الخميس والجمعة
62,درة المنى,صدر ورعاية,اكتوبر,مول انفنيتى الطبى - ميدان فودافون,0111 8877059,خصم 15%,د مرام مجدى,010 50113502,
63,ميديكال سبلايز,اجهزة تعويضية,وسط البلد,3ش جريدة السياسة - السيدة زينب,010 68413650,خصم 25% على المتجات - امكاية التقسيط,ايمان,010 68413650,
64,مركز E N T ,انف واذن,مدينة نصر ,123ش حسن المامون امام النادى الاهلى ,010 66641224,خصم 50 % على الكشف والعمليات والفحوصات,اسامة على,010 64653349,
65,مركز E N T ,انف واذن,مصر الجديدة,16ش الاندلس خلف الميريلاند,011 04781867,خصم 50 % على الكشف والعمليات والفحوصات,اسامة على,010 64653349,
66,مركز E N T ,انف واذن,التجمع الخامس,الحى الاول ميديكال سنتر ,010 15336667,خصم 50 % على الكشف والعمليات والفحوصات,اسامة على,010 64653349,
67,مركز E N T ,انف واذن,المهندسين,56ش سوريا ,010 11840058,خصم 50 % على الكشف والعمليات والفحوصات,اسامة على,010 64653349,
68,مركز E N T ,انف واذن,المعادى,ش زهراء المعادى الرئيسي برج ايليت,010 61988484,خصم 50 % على الكشف والعمليات والفحوصات,اسامة على,010 64653349,
69,مركز E N T ,انف واذن,الشروق,مول بانوراما الشروق,012 78687179,خصم 50 % على الكشف والعمليات والفحوصات,اسامة على,010 64653349,
70,مركز E N T ,انف واذن,الجيزة ,30ش مراد,012 06899983,خصم 50 % على الكشف والعمليات والفحوصات,اسامة على,010 64653349,
71,مركز E N T ,انف واذن,اكتوبر,415المحور المركزى امام جامعة 6 اكتوبر,010 40603078,خصم 50 % على الكشف والعمليات والفحوصات,اسامة على,010 64653349,
72,مركز E N T ,انف واذن,الشيخ زايد,مزار مول الدور الثانى,010 14198168,خصم 50 % على الكشف والعمليات والفحوصات,اسامة على,010 64653349,
73,مركز رعاية الطفل,تنمية فكرية,مدينة نصر ,53ش عبد الله بن طاهر من ابو داود الظواهرى,010 94095966,خصم 20% - 15 %,د احمد زيدان,010 94359759,
74,مركز العين ,عيون وليزك,مصر الجديدة,7ش محرم شوقى من ش العروبة,22911611,خصم 50% - خصم 15 % على الفحوصات والعمليات,امين منصور,010 08705207,
75,المركز التخصصي للعيون,عيون وليزك,مصر الجديدة,18ش الخليفة المأمون,19980,خصم 50 % على الكشف 40% على الفحوصات 30 % على العمليات 15% ليزك,احمد راغب,010 11112229,
76,جلوبال للعيون,عيون وليزك,وسط البلد,6ميدان باب اللوق امام جراج الفلكى,01000 569046,خصم 50 % على الكشف - خصم 15 % على الفحوصات والعمليات,امين منصور,010 08705207,
77,رؤيا شبرا للعيون,عيون وليزك,شبرا,288ش شبرا ميدان المظلات,01000 430317,خصم 15 % - كشف 170 ج ,امين رفعت,010 62294521,
78,نور العيون التخصصي,مركز رمد,الهرم,365ش الهرم امام كازينو الليل,011 44146813,خصم 50% على الكشف - 20% على العمليات - 25% على النظارات,مؤمن,010 21047998,
79,دنيا العيون,عيون وليزك,الدقى,12ش مصدق,16465,خصم 50 % على الكشف - 20% على الفحوصات - 15% على العمليات,هانى,0111 9135000,
80,مركز مدينة العيون,عيون وليزك,التجمع الخامس,التسعين الجنوبى خلف المستشفى الجوى - مول HCC,012 00042001,خصم 50 % على الكشف - 20% على الفحوصات - 20% على العمليات,101010,101010,
81,العيون الدولى,عيون وليزك,مصر الجديدة,21ش الاندلس خلف الميريلاند,19650,مفيش عرض,101010,101010,
82,العيون الدولى,عيون وليزك,الدقى,14ش عادل حسين رستم ميدان فينى,19650,مفيش عرض,101010,101010,
83,العيون الدولى,عيون اطفال ,الدقى,19ش عادل حسين رستم,19650,مفيش عرض,101010,101010,
84,العيون الدولى,عيون وليزك,التجمع الخامس,ديستريكت 5,19650,مفيش عرض,101010,101010,
85,العيون الدولى,عيون وليزك,الاقصر,العوامية نزلة الزناتى بجوار كلية الفنون الجميلة,19650,مفيش عرض,101010,101010,
86,العيون الدولى,عيون وليزك,الفيوم,دله - 16 ش العمدة من ش الحرية ,19650,مفيش عرض,101010,101010,
87,العيون الدولى,عيون وليزك,دمياط الجديدة,,19650,مفيش عرض,101010,101010,
88,صيدليات القماح,صيدلية,مصر الجديدة,19ش على ابراهيم رامز - امام مستشفى هليوبوليس,010 91799964,خصم 12% محلى - 5% مستورد ,د رحاب,010 63812058,
89,صيدليات القماح,صيدلية,مصر الجديدة,1ميدان الجامع ,0111 5581814,خصم 12% محلى - 5% مستورد ,د رحاب,010 63812058,
90,صيدليات القماح,صيدلية,مصر الجديدة,16ش محمد البقلى من ش الحجاز ,011 43256266,خصم 12% محلى - 5% مستورد ,د رحاب,010 63812058,
91,صيدليات القماح,صيدلية,مصر الجديدة,53ش المقريزى برج الاطباء,011 43255651,خصم 12% محلى - 5% مستورد ,د رحاب,010 63812058,
92,صيدليات القماح,صيدلية,مصر الجديدة,122أ ش جسر السويس ,011 40901918,خصم 12% محلى - 5% مستورد ,د رحاب,010 63812058,
93,صيدليات القماح,صيدلية,مدينة نصر ,3عمارات رابعة الاستثمارى ش النزهة,010 28589100,خصم 12% محلى - 5% مستورد ,د رحاب,010 63812058,
94,صيدليات القماح,صيدلية,مدينة نصر ,21ش حافظ بدوى - الحى السابع خلف الشبراوى,012 86770221,خصم 12% محلى - 5% مستورد ,د رحاب,010 63812058,
95,صيدليات القماح,صيدلية,الف مسكن,147ش الانتاج,012 72000556,خصم 12% محلى - 5% مستورد ,د رحاب,010 63812058,
96,صيدليات القماح,صيدلية,رمسيس,3ش الصحافة امام مستشفى الجلاء للولادة,012 72072228,خصم 12% محلى - 5% مستورد ,د رحاب,010 63812058,
97,صيدليات القماح,صيدلية,العجوزة,13ش سالم سالم خلف نعمة,012 29911192,خصم 12% محلى - 5% مستورد ,د رحاب,010 63812058,
98,صيدليات القماح,صيدلية,اكتوبر,الحى 12 ميدان فودافون  بلوك 51 - 52 - امام المخبز,012 72771114,خصم 12% محلى - 5% مستورد ,د رحاب,010 63812058,
99,صيدليات القماح,صيدلية,المرج,ش البترول من ش مؤسسة الزكاة - مدينة الصفا,011 43264424,خصم 12% محلى - 5% مستورد ,د رحاب,010 63812058,
100,صيدليات القماح,صيدلية,المرج,ش مؤسسة الزكاة بجوار مستشفى اليوم  الواحد,011 24735920,خصم 12% محلى - 5% مستورد ,د رحاب,010 63812058,
101,صيدليات القماح,صيدلية,المرج,ش مؤسسة الزكاة  امام مستشفى تبارك,012 72000336,خصم 12% محلى - 5% مستورد ,د رحاب,010 63812058,
102,صيدليات القماح,صيدلية,المرج,ش مؤسسة الزكاة ابجوار المجزر,012 29941119,خصم 12% محلى - 5% مستورد ,د رحاب,010 63812058,
103,صيدليات القماح,صيدلية,بهتيم,1ش المدارس ميدان بهتيم ,012 29911163,خصم 12% محلى - 5% مستورد ,د رحاب,010 63812058,
104,صيدليات القماح,صيدلية,الاسكندرية,العصافرة بحرى - 1 أ ش اطلس - فندق ريجينسي,012 72076667,خصم 12% محلى - 5% مستورد ,د رحاب,010 63812058,
105,صيدلية ناجى بطرس,صيدلية,مصر الجديدة,8ش سيزوستريس - من ش الاهرام ,0100 5341999,خصم 12% محلى - 5% مستورد - 7 % مستحضرات,د ناجى,012 22206098,
106,صيدلية رضوى,صيدلية,مصر الجديدة,31ش محمود الديب من جسر السويس - امام سنترال مصر الجديدة,010 21420058,خصم 12% محلى - 5% مستورد - 7 % مستحضرات,د احمد,010 21420058,
107,صيدلية المصطفى,صيدلية,مصر الجديدة,36ش الامام على - ميدان الاسماعيلية,010 17131688,خصم 8% على الدواء المحلى - 5% على المستورد - 6% على المستحضرات,د مصطفى,010 11941418,
108,صيدلية شتيلة ,صيدلية,مصر الجديدة,16ش الامام على - ميدان الاسماعيلية,24182582,خصم 7% محلى - 5% مستورد - 7 % مستحضرات,محمد العمبرى,010 12005560,
109,صيدلية هدى عبد الحميد,صيدلية,الاسكندرية,سيدى بشر - 24  ارض الفضالى ,012 22745960,خصم 12% محلى - 7% مستورد ,حسنى والد هاجر,010 65306480,
110,صيدليات حمود,صيدلية,اكتوبر,الحى ال 11 سنتر البكرى امام مكتب العمل,010 20094631,خصم 15 % على الدواء المحلى - 7 % على المستورد - 10 % على المستحضرات,د عبد الرحمن,011 53913774,
111,صيدليات حمود,صيدلية,اكتوبر,الحى الخامس سوتي مول,010 98347743,خصم 15 % على الدواء المحلى - 7 % على المستورد - 10 % على المستحضرات,د عبد الرحمن,011 53913774,
112,صيدليات مجدى عبده,صيدلية,اسيوط,اسيوط الجديدة - امتداد الطرق المواجه للقرية الذكية,012 08791411,خصم 12% محلى - 5% مستورد ,د مجدى ,011 58900197,
113,صيدليات مجدى عبده,صيدلية,اسيوط,ابنوب - تقسيم الجنينة امتداد الطريق المواجه للبنك الاهلى,012 08790964,خصم 12% محلى - 5% مستورد ,د مجدى ,011 58900197,
114,صيدليات مجدى عبده,صيدلية,اسيوط,الفتح - شارع السينما القديمة,012 08790974,خصم 12% محلى - 5% مستورد ,د مجدى ,011 58900197,
115,صيدليات مجدى عبده,صيدلية,اسيوط,المعلمين - شارع الجنينة الرئيسى بجوار سيراميك التلاوى,011 20598107,خصم 12% محلى - 5% مستورد ,د مجدى ,011 58900197,
116,صيدلية وليد منصور,صيدلية,مدينة نصر ,المنطقة التاسعة - ش ابراهيم شحاتة,010 22228118,خصم 18% محلى - 8% مستورد - مستحضرات 10%,د وليد ,010 22228118,
117,صيدليات دوس,صيدلية,مصر الجديدة,شيراتون - 24ش سيد زكريا امام مترو ماركت,015 55712000,خصم 10% محلى - 5% مستورد ,د واىل,011 40089552,
118,صيدليات دوس,صيدلية,مصر الجديدة,الميريلاند - 23ش الحجاز بجوار ماكدونالدز,015 55612000,خصم 10% محلى - 5% مستورد ,د واىل,011 40089552,
119,صيدليات دوس,صيدلية,مصر الجديدة,ميدان المحكمة - 9ش عاطف بركات ناصية اباظة,010 17717714,خصم 10% محلى - 5% مستورد ,د واىل,011 40089552,
120,صيدليات دوس,صيدلية,مصر الجديدة,40ش الماظة,015 57888847,خصم 10% محلى - 5% مستورد ,د واىل,011 40089552,
121,صيدليات دوس,صيدلية,مصر الجديدة,97ش محمد فريد سميكة - نادى الشمس,015 57888847,خصم 10% محلى - 5% مستورد ,د واىل,011 40089552,
122,صيدليات دوس,صيدلية,مدينة نصر ,101ابراج التوفيق خضر التونى ش الطيران,015 57888847,خصم 10% محلى - 5% مستورد ,د واىل,011 40089552,
123,صيدليات دوس,صيدلية,الدمرداش,86ش ترعة الجبل بجوار محطة الدمرداش,010 28881114,خصم 10% محلى - 5% مستورد ,د واىل,011 40089552,
124,صيدليات دوس,صيدلية,حمامات القبة,20ش دار السلام بجوار كنيسة مارجرجس,010 22501500,خصم 10% محلى - 5% مستورد ,د واىل,011 40089552,
125,صيدليات دوس,صيدلية,الزيتون,17ش بنى طى بجوار سوق سراى القبة ,010 20004906,خصم 10% محلى - 5% مستورد ,د واىل,011 40089552,
126,صيدليات دوس,صيدلية,الزيتون,109ش طومان باى,015 57888847,خصم 10% محلى - 5% مستورد ,د واىل,011 40089552,
127,صيدليات دوس,صيدلية,ابن الحكم,35ابراج بيت العز,015 57888847,خصم 10% محلى - 5% مستورد ,د واىل,011 40089552,
128,صيدليات دوس,صيدلية,دير الملاك,23ش ترعة الجبل,015 57888847,خصم 10% محلى - 5% مستورد ,د واىل,011 40089552,
129,صيدليات دوس,صيدلية,الظاهر,6ش العباسية ,015 57888847,خصم 10% محلى - 5% مستورد ,د واىل,011 40089552,
130,صيدليات دوس,صيدلية,الظاهر,4ش محمود فهمى المعمارى,015 57888847,خصم 10% محلى - 5% مستورد ,د واىل,011 40089552,
131,صيدليات دوس,صيدلية,القاهرة الجديدة,ش مستشفى دار الصحة من محور جمال عبد الناصر حى الدبلوماسيين,015 57888847,خصم 10% محلى - 5% مستورد ,د واىل,011 40089552,
132,صيدليات دوس,صيدلية,الرحاب,السوق الشرقى محل 3G ,015 57888847,خصم 10% محلى - 5% مستورد ,د واىل,011 40089552,
133,صيدليات دوس,صيدلية,التجمع الخامس,قطعة 20 شالتسعين الجنوبى قطاع 4 ثرى سكايز بلازا مول,015 57888847,خصم 10% محلى - 5% مستورد ,د واىل,011 40089552,
134,صيدلية عين,صيدلية,مدينة نصر ,28ش ابراهيم الرفاعى - مصطفى النحاس ,0100 50228411,خصم 12% محلى - 5% مستورد ,د رنا,010 05022841,
135,صيدليات هيلثى,صيدلية,مصر الجديدة,13ش المنتزه ميدان هليوبوليس,015 05172701,خصم 12% محلى - 6% مستورد ,د يوسف,010 99045278,
136,صيدليات هيلثى,صيدلية,مصر الجديدة,10ش عمار بن ياسر,015 05172708,خصم 12% محلى - 6% مستورد ,د يوسف,010 99045278,
137,صيدليات هيلثى,صيدلية,مدينة نصر ,6ش النزهة - دار الدفاع,015 05172709,خصم 12% محلى - 6% مستورد ,د يوسف,010 99045278,
138,صيدليات هيلثى,صيدلية,مدينة نصر ,56ش النزهة,015 05172704,خصم 12% محلى - 6% مستورد ,د يوسف,010 99045278,
139,صيدليات هيلثى,صيدلية,مدينة نصر ,13ش عمربن الخطاب - السابع,015 05172706,خصم 12% محلى - 6% مستورد ,د يوسف,010 99045278,
140,صيدليات هيلثى,صيدلية,التجمع الخامس,بيزنس بلازا مول,015 05172702,خصم 12% محلى - 6% مستورد ,د يوسف,010 99045278,
141,صيدليات هيلثى,صيدلية,الرحاب,المركز الطبى بجوار المنطقة السادسة,015 58417270,خصم 12% محلى - 6% مستورد ,د يوسف,010 99045278,
142,صيدليات هيلثى,صيدلية,المعادى,5طريق الاوتوسطراد - زهراء المعادى,015 05172703,خصم 12% محلى - 6% مستورد ,د يوسف,010 99045278,
143,صيدليات هيلثى,صيدلية,المهندسين,15ش احمد عرابى,015 05172707,خصم 12% محلى - 6% مستورد ,د يوسف,010 99045278,
144,صيدليات هيلثى,صيدلية,المهندسين,21ش محى الدين ابو العز,015 05172705,خصم 12% محلى - 6% مستورد ,د يوسف,010 99045278,
145,صيدلية د اكرام,صيدلية,البحر الاحمر,الغردقة - السقالة  برج الاطباء,0100 3804837,خصم 11% محلى - 5% مستورد ,د اكرام,1010101,
146,صيدلية الكرمة,صيدلية,قـنا,نجع حمادى - شارع 30 مارس ,012 82633477,خصم 10% محلى - 5% مستورد ,د وائل,1010101,
147,صيدليات الشعب,صيدلية,سوهاج,ميدان الكردى خلف النفق القبلى,010 97980380,خصم 10% محلى - 5% مستورد ,د محمد ,010 68972398,
148,صيدليات الشعب,صيدلية,سوهاج,ش النقراشي من ش الجرجاوية,010 98280580,خصم 10% محلى - 5% مستورد ,د محمد ,010 68972398,
149,البرج سكان,اشعة,مصر الجديدة,67ش الميرغنى - كلية البنات,19911,خصم 10 % على قائمة الاسعار,احمد محمود,010 08653461,
150,البرج سكان,اشعة,مدينة نصر,22ش عبد الرازق السنهورى,19911,خصم 10 % على قائمة الاسعار,احمد محمود,010 08653461,
151,البرج سكان,اشعة,المعادى,30ميدان الجزائر امام البنك الاهلى ,19911,خصم 10 % على قائمة الاسعار,احمد محمود,010 08653461,
152,البرج سكان,اشعة,شبرا,59ش شبرا ,19911,خصم 10 % على قائمة الاسعار,احمد محمود,010 08653461,
153,برو سكان,اشعة,مدينة نصر,101ش مصطفى النحاس ,010 10055111,خصم 40% على قائمة المركز,احمد جمال,010 10429130,
154,برو سكان,اشعة,التجمع الخامس,التسعين الجنوبى خلف مستشفى نسايم,010 10055111,خصم 40% على قائمة المركز,احمد جمال,010 10429130,
155,برو سكان,اشعة,الرحاب,بوابة 6 ميديكال بارك  الدور الثانى,010 10055111,خصم 40% على قائمة المركز,احمد جمال,010 10429130,
156,مركز ســـــما سكان,اشعة,حلمية الزيتون,ميدان حلمية الزيتون - برج الفهيم,012 87076332,خصم  30% على الرنين - 25% على المقطعية و كل الفحوصات,محمد صبحى,0100 0375539,
157,مركز جاما للاشعة,اشعة,مصر الجديدة,1ش السباق - من ش الحجاز - بجوار الميريلاند,0100 2235022,خصم 25% على كل الفحوصات,سارة,011 25238662,
158,مركز جاما للاشعة,اشعة,بنى سويف,ميدان الزراعيين - بجوار نقابة الزراعيين,010 23001755,خصم 25% على كل الفحوصات,سارة,011 25238662,
159,مركز جاما للاشعة,اشعة,بنى سويف,صلاح سالم - بجوار البنك الاهلى ,012 77849444,خصم 25% على كل الفحوصات,سارة,011 25238662,
160,مركز جاما للاشعة,اشعة,الفشن,ش البنك الاهلى القديم - بجوار المختبر ,010 12995222,خصم 25% على كل الفحوصات,سارة,011 25238662,
161,مركز جاما للاشعة,اشعة,الواسطى,ش الجمهورية - خلف مركز الشرطة,010 26111269,خصم 25% على كل الفحوصات,سارة,011 25238662,
162,مركز جاما للاشعة,اشعة,ببا,ش المستشفى الاميرى - اعلى حلوانى المحمدى,012 80852876,خصم 25% على كل الفحوصات,سارة,011 25238662,
163,مركز جاما للاشعة,اشعة,المنيا,مغاغة  - اول ش السلام - ميدان الحمامة,010 14148587,خصم 25% على كل الفحوصات,سارة,011 25238662,
164,مركز بدر للاشعة,اشعة,مدينة بدر, 60ش الحرية  بدربلازا مول - الحى الاول  المجاورة الثانية,010 18006447,خصم 20% على لائحة اسعار المركز,محمد عماد,1010101,
165,توب سكان ,اشعة,مدينة نصر,16عمارات رابعة الاستثمارى ميدان الساعة,01000 373137,"خصم 35% على الرنين - 30% على المقطعية - 20% على باقى الاشعة
خصم 30% على التحاليل - 20 % على الاشعة المنزلية ",هيثم ,012 73323140,
166,فيو سكان ,اشعة,مدينة نصر,82ش الطيران ,012 88288769,خصم 15 % على كل الفحوصات,محمد مصطفى,012 11267242,
167,كويك سكان,اشعة,منزلية,الادارة  -  12ش الحجاز - مصر الجديدة,012 83335095,خصم 20 % على الفحوصات المنزلية ,101010,101010,
168,رديولوجى سكان,اشعة,منزلية,متنقل ,010 94996062,خصم 20 % على الفحوصات المنزلية ,جرجس,011 48189307,
169,مصر للاشعة,اشعة,مصر الجديدة,8ش الخليفة المامون,19773,خصم 15 % على كل الفحوصات,محمد راشد,012 22793335,
170,مصر للاشعة,اشعة,مصر الجديدة,11ش الميرغنى,012 11114092,خصم 15 % على كل الفحوصات,محمد راشد,012 22793335,
171,مصر للاشعة,اشعة,مدينة نصر,تقاطع مصطفى النحاس وعباس العقاد,19773,خصم 15 % على كل الفحوصات,محمد راشد,012 22793335,
172,مصر للاشعة,اشعة,التجمع الخامس,ش التسعين خلف المستشفى الجوى,011 11819773,خصم 15 % على كل الفحوصات,محمد راشد,012 22793335,
173,المختبر,تحاليل,فروع,,,خصم 10 % على الاسعار,101010,101010,
174,البرج,تحاليل,فروع,,,خصم 10 % على الاسعار,101010,101010,
175,رويال لاب,تحاليل,فروع,,,خصم 30 %,101010,101010,
176,وليد حمدى,تحاليل,المعادى,,,خصم 40 %,د وليد ,011 45997224,
177,عـز لاب,تحاليل,فروع,,,خصم 40 % على الاسعار,اشرف,012 02534909,
178,معمل نيو حورس ,تحاليل,مدينة نصر,79ه طريق النصر - طيبة مول,0111 4867479,خصم 30 %,د منه,0111 4867479,
179,معامل فرست لاب ,تحاليل,المهندسين,46ش محى الدين ابو العز,011 19017500,خصم 35 %,محمد مصطفى,012 11267242,
180,معامل فرست لاب ,تحاليل,امبابة,ميدان القومية تقاطع عمر بن الخطاب  عمارة السنوسي,011 40664491,خصم 35 %,محمد مصطفى,012 11267242,
181,معامل فرست لاب ,تحاليل,فيصل ,اول كوبرى فيصل برج الاطباء ,011 15275544,خصم 35 %,محمد مصطفى,012 11267242,
182,معامل فرست لاب ,تحاليل,اكتوبر ,المحور المركزى خلف مسجد الحصرى سنتر الفيروز,011 51840005,خصم 35 %,محمد مصطفى,012 11267242,
183,معامل فرست لاب ,تحاليل,المنيل,78ش المنيل اعلى سامسونج,011 54454971,خصم 35 %,محمد مصطفى,012 11267242,
184,معامل فرست لاب ,تحاليل,السيدة,1مكرر ميدان السيدة زينب,011 50446697,خصم 35 %,محمد مصطفى,012 11267242,
185,معامل فرست لاب ,تحاليل,مصر الجديدة,12ش بطرس غالى روكسي,011 17606010,خصم 35 %,محمد مصطفى,012 11267242,
186,معامل فرست لاب ,تحاليل,المطرية,3أ ش الحرية ميدان المطرية,011 44428629,خصم 35 %,محمد مصطفى,012 11267242,
187,معامل فرست لاب ,تحاليل,عين شمس ,85ش عين شمس برج البارون,010 20977886,خصم 35 %,محمد مصطفى,012 11267242,
188,معامل فرست لاب ,تحاليل,حلوان,34ش شريف ,011 56840033,خصم 35 %,محمد مصطفى,012 11267242,
189,معامل فرست لاب ,تحاليل,شبرا الخيمة,ش 15 مايو امام كريستال عصفور,010 60001311,خصم 35 %,محمد مصطفى,012 11267242,
190,معامل فرست لاب ,تحاليل,قليوب,قليوب المحطة برج زعزع الادارى امام مركز قليوب,011 17211633,خصم 35 %,محمد مصطفى,012 11267242,
191,معامل فرست لاب ,تحاليل,شبين الكوم,25ش احمد ماهر برج النور ,011 17603652,خصم 35 %,محمد مصطفى,012 11267242,
192,معامل فرست لاب ,تحاليل,الغربية,زفتى - امام مجلس المدينة برج ابو شوشة,011 11876622,خصم 35 %,محمد مصطفى,012 11267242,
193,معامل فرست لاب ,تحاليل,بنى سويف ,ش عبد السلام عارف  ابراج الاوقاف برج كوثر,010 22924600,خصم 35 %,محمد مصطفى,012 11267242,
194,معامل فرست لاب ,تحاليل,الفيوم,ميدان المسلة  برج البشير بجوار شركة الغاز,011 17603653,خصم 35 %,محمد مصطفى,012 11267242,
195,معامل فرست لاب ,تحاليل,المحلة ,ميدان الشون بجوار قسم ثانى المحلة,011 17603654,خصم 35 %,محمد مصطفى,012 11267242,
196,معامل فرست لاب ,تحاليل,السنطة,ش الجلاء برج الاطباء امام البنك الاهلى ,011 03023528,خصم 35 %,محمد مصطفى,012 11267242,
197,معامل فرست لاب ,تحاليل,الزقازيق,برج الجلاء  امام عمر افندى,011 51840007,خصم 35 %,محمد مصطفى,012 11267242,
198,معامل فرست لاب ,تحاليل,الاسكندرية,8ش كلية الطب محطة الرمل ,011 25514147,خصم 35 %,محمد مصطفى,012 11267242,
199,معامل الحكمة,تحاليل,مدينة نصر,14ش النزهة ميدان الساعة,010 67667685,خصم 20% على مؤسسة 23,د ريهام,012 24624091,
200,معامل الحكمة,تحاليل,مدينة نصر,الحى العاشر - تقاطع مهدى عرفة مع احمد الزمر,010 67665552,خصم 20% على مؤسسة 23,د ريهام,012 24624091,
201,معامل الحكمة,تحاليل,حلمية الزيتون,81ميدان حلمية الزيتون,010 67699769,خصم 20% على مؤسسة 23,د ريهام,012 24624091,
202,معامل الحكمة,تحاليل,جسر السويس,157ش جمال عبد الناصر امام اورانج,010 70955660,خصم 20% على مؤسسة 23,د ريهام,012 24624091,
203,معامل الحكمة,تحاليل,مدينة السلام,87مساكن الجمهورية ميدان اسكندرية,010 00256873,خصم 20% على مؤسسة 23,د ريهام,012 24624091,
204,معامل الحكمة,تحاليل,مصر الجديدة,28ش عثمان بن عفان ميدان الاسماعيلية,010 00458607,خصم 20% على مؤسسة 23,د ريهام,012 24624091,
205,معامل الحكمة,تحاليل,الدقى ,7ش التحرير امام مترو البحوث,010 68388755,خصم 20% على مؤسسة 23,د ريهام,012 24624091,
206,معامل الحكمة,تحاليل,الهرم,93ش الهرم ناصية المريوطية,010 67665669,خصم 20% على مؤسسة 23,د ريهام,012 24624091,
207,معامل الحكمة,تحاليل,فيصل,446ش فيصل برج النصر,010 66632813,خصم 20% على مؤسسة 23,د ريهام,012 24624091,
208,معامل الحكمة,تحاليل,المهندسين,92أ شاحمد عرابى بجوار عمر افندى,010 97111878,خصم 20% على مؤسسة 23,د ريهام,012 24624091,
209,معامل الحكمة,تحاليل,اكتوبر ,ميدان الحصرى ابراج المدينة سنتر,010 67667944,خصم 20% على مؤسسة 23,د ريهام,012 24624091,
210,معامل الحكمة,تحاليل,اكتوبر ,216سنتر الاردنية الحى السابع,010 67738774,خصم 20% على مؤسسة 23,د ريهام,012 24624091,
211,معامل الحكمة,تحاليل,الاسماعيلية,ش ابراهيم سلامة تقاطع محمد عبدهاعلى النساجون,010 00716921,خصم 20% على مؤسسة 23,د ريهام,012 24624091,
212,معامل الحكمة,تحاليل,الاسماعيلية,ش التحرير مع حسنين حجازى,010 15919993,خصم 20% على مؤسسة 23,د ريهام,012 24624091,
213,معامل الحكمة,تحاليل,السوييس,ش الجيش برج 23 يوليو الاربعين,010 67055455,خصم 20% على مؤسسة 23,د ريهام,012 24624091,
214,معامل الحكمة,تحاليل,قنا ,ش الجمهورية الجميل سابقا  بجوار محلات انيس ديمترى,010 67559055,خصم 20% على مؤسسة 23,د ريهام,012 24624091,
215,معامل الحكمة,تحاليل,قنا ,برج الفيروز ش 23 يوليو,010 67731112,خصم 20% على مؤسسة 23,د ريهام,012 24624091,
216,معامل الحكمة,تحاليل,قنا ,ش المستشارين امام صيدلية وليد,0100 2266346,خصم 20% على مؤسسة 23,د ريهام,012 24624091,
217,معامل الحكمة,تحاليل,نجع حمادى ,ش 25 يناير امام بنك مصر ,010 67711678,خصم 20% على مؤسسة 23,د ريهام,012 24624091,
218,معامل الحكمة,تحاليل,دشنا,ش مصر اسوان امام موقف قنا القديم,010 67111885,خصم 20% على مؤسسة 23,د ريهام,012 24624091,
219,معامل الحكمة,تحاليل,قفط,ش الجيش بجوار مستشفى قفط العام,010 67577599,خصم 20% على مؤسسة 23,د ريهام,012 24624091,
220,معامل الحكمة,تحاليل,قوص,ميدان النوبة امام بنك مصر القديم ,010 67116118,خصم 20% على مؤسسة 23,د ريهام,012 24624091,
221,معامل الحكمة,تحاليل,الاقصر,ش التلفزيون امام مبنى الاذاعة والتليفزيون,010 67729778,خصم 20% على مؤسسة 23,د ريهام,012 24624091,
222,معامل الحكمة,تحاليل,اسنا ,ش المستشفى امام مستشفى اسنا العام,010 67717798,خصم 20% على مؤسسة 23,د ريهام,012 24624091,
223,معامل الحكمة,تحاليل,اسوان,ش الكورنيش اعلى بنك القاهرة,010 62777547,خصم 20% على مؤسسة 23,د ريهام,012 24624091,
224,د احمد كمال ضيف,اسنان,التجمع الخامس,لايف ميديكال مول - خلف المحكمة,011 46815550,خصم 50% على الكشف - الاجراءات نقابة اطباء 23 ,محمد عماد,1010101,
225,د احمد كمال ضيف,اسنان,مدينة نصر,الحى العاشر - محطة المدرسة - بجوار السوق التجارى,010 22436222,خصم 50% على الكشف - الاجراءات نقابة اطباء 23 ,محمد عماد,1010101,
226,د احمد كمال ضيف,اسنان,شبرا الخيمة,الشارع الجديد امام ملحقة المعلمين,010 13753511,خصم 50% على الكشف - الاجراءات نقابة اطباء 23 ,محمد عماد,1010101,
227,د محمود لاشين,اسنان,العجوزة,29ش نوال,010 10299643,خصم 50% على الكشف - الاجراءات نقابة اطباء 23 ,محمد عماد,1010101,
228,د محمود لاشين,اسنان,الشيخ زايد,مجمع ديونز الطبى امام المدرسة الامريكية,010 11110780,خصم 50% على الكشف - الاجراءات نقابة اطباء 23 ,محمد عماد,1010101,
229,د محمود لاشين,اسنان,حدائق الاهرام,21ش الثروة المعدنية البوابة الاولى,012 11199929,خصم 50% على الكشف - الاجراءات نقابة اطباء 23 ,محمد عماد,1010101,
230,د وليد طنطاوى,اسنان,المهندسين,35ش جامعة الدول العربية,0100 5214141,خصم 50% على الكشف - الاجراءات نقابة اطباء 23 ,محمد عماد,1010101,
231,د وليد طنطاوى,اسنان,الزمالك,35ش محمد مظهر ,015 01055505,خصم 50% على الكشف - الاجراءات نقابة اطباء 24,محمد عماد,1010101,
232,د وليد طنطاوى,اسنان,حدائق الاهرام,106ص - البوابة الثالثة,015 01800800,خصم 50% على الكشف - الاجراءات نقابة اطباء 25,محمد عماد,1010101,
233,د وليد طنطاوى,اسنان,الهرم,74ش عزالدين عمر,011 13866638,خصم 50% على الكشف - الاجراءات نقابة اطباء 26,محمد عماد,1010101,
234,د وليد طنطاوى,اسنان,الهرم 2,1عمارات الضرائب ش خاتم المرسلين,011 24442000,خصم 50% على الكشف - الاجراءات نقابة اطباء 27,محمد عماد,1010101,
235,د محمد احمد طه,اسنان,الجيزة,ميدان الجيزة - عمارة مصر للتامين,010 70226054,خصم 50% على الكشف - الاجراءات نقابة اطباء 23 ,محمد عماد,1010101,
236,د مجدى زين العابدين,اسنان,مصر الجديدة,4ش الجد - خلف نادى هليوليدو - قبل اشارة روكسي,24500996,خصم 25 % على الكشف - والاجراءات نقابة اطباء,د مجدى,011 49463724,كل يوم من 1 الى 7 مساءا عدا الخميس والجمعة
237,عيادات عتمان ,اسنان,المنصورة,ش الجيش برج بلازا 3,010 33266600,خصم 50% على الكشف - خصم 20 % على الاجراءات,محمد عماد,1010101,
238,د عمرو جمال ضيف,اسنان,الشرقية,فاقوس - المنشية الجديدة - برج ابو زيدان,015 50703565,خصم 50% على الكشف - خصم 20 % على الاجراءات,محمد عماد,1010101,
239,الفيلا للاسنان,اسنان,الشارع الجديد,11ش الحبيبى من الشارع الجديد - محطة الفيلا,010 98575753,خصم 40% على الكشف - خصم 20 % على الاجراءات,101010,101010,
240,الفيلا للاسنان,اسنان,شبرا الخيمة,شارع 15 مايو برج الاطباء اعلى النساجون,011 42424979,خصم 40% على الكشف - خصم 20 % على الاجراءات,101010,101010,
241,الفيلا للاسنان,اسنان,الشيخ زايد,مول داون تاون - عيادة رويال ,010 64948429,خصم 40% على الكشف - خصم 20 % على الاجراءات,101010,101010,
242,الفيلا للاسنان,اسنان,الشيخ زايد,مول داون تاون - مركز اى سمايل  ,015 52571151,خصم 40% على الكشف - خصم 20 % على الاجراءات,101010,101010,
243,الفيلا للاسنان,اسنان,اكتوبر,المحور المركزى رنا مول - اولاد رجب ,0111 6178778,خصم 40% على الكشف - خصم 20 % على الاجراءات,101010,101010,
244,الفيلا للاسنان,اسنان,اكتوبر,الحى الرابع - عمارة 23 امام بنك الاسكان والتعمير,0100 5841454,خصم 40% على الكشف - خصم 20 % على الاجراءات,101010,101010,
245,الفيلا للاسنان,اسنان,اكتوبر,المحور المركزى برج الاطباء اعلى بنك وفا ,010 50076268,خصم 40% على الكشف - خصم 20 % على الاجراءات,101010,101010,
246,الفيلا للاسنان,اسنان,اكتوبر,ميدان الحصرى - برج الامريكية اعلى كشرى التحرير,010 32452443,خصم 40% على الكشف - خصم 20 % على الاجراءات,101010,101010,
247,الفيلا للاسنان,اسنان,اكتوبر,الحى الاول المجاورة الرابعة شارع سنترال عمارة 862,010 99097091,خصم 40% على الكشف - خصم 20 % على الاجراءات,101010,101010,
248,الفيلا للاسنان,اسنان,حدائق لمعادى,25ش محى الروبى من ش حسنين الدسوقى تقسيم المساحة,010 10266234,خصم 40% على الكشف - خصم 20 % على الاجراءات,101010,101010,
249,الفيلا للاسنان,اسنان,المعادى,ش 2 مكرر من ش العروبة كورنيش المعادى,225250513,خصم 40% على الكشف - خصم 20 % على الاجراءات,101010,101010,
250,الفيلا للاسنان,اسنان,القبة,27ش امتداد ولى العهد,010 14182900,خصم 40% على الكشف - خصم 20 % على الاجراءات,101010,101010,
251,الفيلا للاسنان,اسنان,جسر السويس,397ش جمال عبد الناصر,0111 9431766,خصم 40% على الكشف - خصم 20 % على الاجراءات,101010,101010,
252,الفيلا للاسنان,اسنان,عين شمس,72ش 6 اكتوبر ,015 55877029,خصم 40% على الكشف - خصم 20 % على الاجراءات,101010,101010,
253,الفيلا للاسنان,اسنان,المهندسين,38ش سوريا ,011 56737493,خصم 40% على الكشف - خصم 20 % على الاجراءات,101010,101010,
254,الفيلا للاسنان,اسنان,المقطم,ماكس كير - شارع 9 بجوار كشرى التحرير,0100 5687646,خصم 40% على الكشف - خصم 20 % على الاجراءات,101010,101010,
255,الفيلا للاسنان,اسنان,الهرم,المريوطية هرم - شارع الاخلاص - ابراج ريتاج,010 96673571,خصم 40% على الكشف - خصم 20 % على الاجراءات,101010,101010,
256,الفيلا للاسنان,اسنان,بنها ,كفر شكر ش النصر خلف مسجد محى الدين,010 90797851,خصم 40% على الكشف - خصم 20 % على الاجراءات,101010,101010,
257,جمال الدين زهران,اسنان,النهضة,مفارق النهضة امام موقف المرج,010 96383567,خصم 50% على الكشف - 20% على الخدمات ,محمود درويش,1010101,
258,الابتسامة الجميلة ,اسنان,ميدان الف مسكن,42ش الانتاج - بجوار البن البرازيلى,012 05944249,كشف مجانى - خصم 40% على الخدمات,ماجد,012 05944249,
259,د على يونس,اسنان,مدينة نصر,14ب ش حافظ رمضان من مكرم عبيد ,011 11126099,خصم 40% على الكشف - خصم 15 % على الاجراءات والزرع والتقويم,101010,101010,
260,سمايل ديزاينر,اسنان,مصر الجديدة,104ش الثورة امام سفارة الامارات,010 20541515,خصم 25 % على الكشف - 10% على الخدمات والعمليات,فاطمة,010 20541515,
261,مركز مارفل,علاج طبيعى,التجمع الخامس,مركز خدمات المستثمرين الجنوبية - بلس مول ,011 28204070,خصم 70% على الكشف - خصم 25 % على الجلسات,101010,101010,
262,مركز حياة,علاج طبيعى,مدينة بدر,60ش الجامعة الروسية - الحى الاول المجاورة الثانية,010 63134859,خصم 50 % على الكشف - خصم 30 % على الجلسات,محمد عماد,1010101,
263,مركز حجاب ,علاج طبيعى,الشرقية,منيا القمح - امام مصنع ابو عمار,010 67766011,خصم 50% على الكشف - خصم 30 % على الجلسات,101010,101010,
264,مركز المجد - د ملاك ميخائيل,علاج طبيعى,الاسماعيلية,السلطان حسين - مول دنيا,010 68138009,خصم 50% على الكشف - خصم 30 % على الجلسات,محمد عماد,1010101,
265,مركز المجد - د ملاك ميخائيل,علاج طبيعى,القنطرة غرب,ش الجيش امام المصرية للاتصالات,0100 8630638,خصم 50% على الكشف - خصم 20 % على الجلسات,محمد عماد,1010101,
266,مركز العطاء,علاج طبيعى,المعادى,306صقر قريش  - اعلى كماليات الشامى - المعادى الجديدة,0100 1076182,خصم 25 % على الجلسات و التخسيس,د هشام ,011 51684668,
267,مركز د احمد جابر,علاج طبيعى,جسر السويس,اجاويد بلازا مول الدور الثامن,011 20187048,خصم 50 % على الكشف  و الجلسات,احمد,010 96999961,
268,مركز د احمد جابر,علاج طبيعى,فيصل,7ش حسين الجمل - محطة التميمى,010 25101874,خصم 50 % على الكشف  و الجلسات,احمد,010 96999961,
269,مركز د احمد جابر,علاج طبيعى,اكتوبر,محور جمال عبد الناصر مول اكتوبر فيستيفال سيتى,1010101,خصم 50 % على الكشف  و الجلسات,احمد,010 96999961,
270,كيان كير,علاج طبيعى,الشروق,مول داون تاون الدور الثانى,010 11288841,خصم 30%,د عمر,010 11288841,
271,المروة ,علاج طبيعى,اسيوط,ش الجلاء امام مستشفى العقاد,01000 166394,خصم 30%,د محمد اسماعيل,010 11198922,
272,صحتى,علاج طبيعى,اسيوط,ش الجيش اول تقسيم البترول,01000 166394,خصم 30%,د محمد اسماعيل,010 11198922,
273,د عبد الحميد الغيطانى,علاج طبيعى,مصر الجديدة,35ش محمد فريد - جامع الفتح,012 23400612,خصم 40% على الكشف - 20% على الجلسات وخدمات التغذية العلاجية,د عبد الحميد,0111 9978900,
274,د عبد الحميد الغيطانى,علاج طبيعى,شبرا الخيمة,منزل كوبرى عرابى,0111 9978900,خصم 40% على الكشف - 20% على الجلسات وخدمات التغذية العلاجية,د عبد الحميد,0111 9978900,
275,د عبد الحميد الغيطانى,علاج طبيعى,المطرية,2ش على جلال من ش التروللى - سنترال المطرية,0111 9978900,خصم 40% على الكشف - 20% على الجلسات وخدمات التغذية العلاجية,د عبد الحميد,0111 9978900,
276,تيوليب ,علاج طبيعى,مصر الجديدة,110ش الحجاز - هليوبوليس,010 14949488,خصم 50% على الكشف - 35% على الجلسات  والخدمات,101010,101010,
277,تيوليب ,علاج طبيعى,التجمع الخامس,حى النرجس عمارات مول اوزون الطبى عيادة 150,010 30068002,خصم 50% على الكشف - 35% على الجلسات  والخدمات,101010,101010,
278,د جمال ابو رجيلة ,مسالك,مصر الجديدة,ميدان الجامع - 2 ش دمنهور - صلاح الدين,0100 2694741,خصم 25 % على الكشف ,101010,101010,
279,د جمال ابو رجيلة ,مسالك,المطرية,ميدان المطرية - ابراج بيت العز برج أ الدور الثانى ,010 63432743,خصم 25 % على الكشف ,101010,101010,
280,د احمد المسيرى,"مخ واعصاب 
نفسية وعصبية",المهندسين,24ش جامعة الدول العربية ,012 77595799,خصم 40% على الكشف - 20% على الاجراءات وجلسات العلاج النفسي,امين رفعت,010 62294521,
281,د احمد المسيرى,"مخ واعصاب 
نفسية وعصبية",العباسية,99ش العباسية بجوار قسم الوايلى,010 11993359,خصم 40% على الكشف - 20% على الاجراءات وجلسات العلاج النفسي,امين رفعت,010 62294521,
282,د امير عبد الكريم,تجميل,مصر الجديدة,4ش الميرغنى من الخليفة المامون - روكسي,010 61808593,خصم 35% على الكشف - 10% عمليات شفط الدهون - 20% عمليات ليزر,د امير,01000 921396,
283,د شهاب الاتربى,قلب وقسطرة,مصر الجديدة,23ش الامام على - ميدان الاسماعيلية,011 43444176,خصم 40 % على الكشف - 30 % على الايكو,د شهاب,0100 1717943,السبت 9 الى 10.30 0 الاحد والثلاثاء من 6 الى 8
284,د عبد الله العتر,باطة وكلى,مدية نصر,5ش مهدى عرفة ميدان الحى العاشر,010 13581585,خصم 50 % على الكشف - 30 % على الخدمات,د عبد الله ,010 13581585,
285,د هاء لبيب,ساء وتوليد,شبرا,51ش شبرا اعلى بك فيصل,0100 1999354,خصم 35 % على الكشف - 10% على العمليات,د هناء,012 77300623,
286,د حبيب سمير ,جراحة ومناظير,شبرا,152ش الترعة البولاقية,012 70496989,خصم 50 % على الكشف ,د حبيب,0100 3634385,
287,د على شوشان,نفسية وعصبية,وسط البلد,84ش القصر العيى,0100 1971952,خصم 30% على الكشف - 20% على الجلسات,د على ,0100 1971952,
288,د دعاء عسكر,توليد,اكتوبر,الحى الثالث - عمارة 1627,010 97083429,خصم 30 % على الكشف,نورا,015 51446059,
289,بيوتى ايز,بصريات,مصر الجديدة,9ش البوسطة من ش الاهرام خلف ملاهى ادهم,011 12916476,خصم 25 % على النظارات الطبية والشمسية والعدسات اللاصقة,ا . امير,0100 3892392,